commons.learn.more,"En savoir plus...","Put anywhere the user can learn more by clicking on a link.",,,"Learn more..."
commons.powered.by.surveycto,"Réalisé par {0}","SurveyCTO branding. {0} gets replaced by ""SurveyCTO"" and must be included in your translation.",,,"Powered by {0}"
web.forms.page.delete.instances.confirmation.message,"Êtes-vous sûr de vouloir supprimer ce formulaire?","Text to confirm that the user wants to delete a filled-out form (i.e., a submission).",,,"Are you sure you want to delete this form?"
web.forms.page.delete.instances.confirmation.negative.button,"Ne pas supprimer","Button to confirm that the user does NOT want to delete a filled-out form (i.e., to cancel deleting a submission).",,,"Do not delete"
web.forms.page.delete.instances.confirmation.positive.button,"Oui, supprimez-le","Button to confirm that the user DOES want to delete a filled-out form (i.e., a submission).",,,"Yes, delete it"
web.forms.page.delete.instances.confirmation.title,"Confirmer la suppression","Title of the window to confirm that the user wants to delete a filled-out form (i.e., a submission).",,,"Confirm deletion"
web.forms.page.delete.instances.header,"Choisir un formulaire à supprimer:","Header for list of filled-out forms that can be deleted.",,,"Choose a form to delete:"
web.forms.page.delete.instances.title,"Supprimer un formulaire enregistré","Title for list of filled-out forms that can be deleted.",,,"Delete saved form"
web.forms.page.edit.instances.header,"Choisir un formulaire enregistré pour reprendre l'édition:","Header for list of saved forms that can be resumed.",,,"Choose a saved form to resume editing:"
web.forms.page.edit.instances.title,"Liste des formulaires enregistrés","Title for list of saved forms that can be resumed.",,,"Saved forms list"
web.forms.page.filling.audio.select.file.button,"Sélectionner un fichier audio","Button for selecting an audio file.",,,"Select audio file"
web.forms.page.filling.banner.tooltip,"{0} (version: {1})","Information about the current form that appears if the user hovers their mouse over the form title in the upper-left. {0} gets replaced with the current form title. {1} gets replaced with the form version. Both must be included in your translation.",,,"{0} (version: {1})"
web.forms.page.filling.binary.error.large.file,"Désolé, mais vous ne pouvez pas joindre un fichier d'une taille supérieure à {0} Mo. Veuillez joindre un fichier plus petit avant de continuer.","Error message that appears when the user tries to attach a file that is too large. {0} gets replaced with the max file size (in megabytes) and must be included in your translation.",,,"I'm sorry, but you cannot attach a file that is more than {0}MB in size. Please attach a smaller file before continuing."
web.forms.page.filling.file.current.selection.label,"Sélection actuelle","This is the text that appears immediately before the selected file name once you've made a selection in a file field.",,,"Current selection"
web.forms.page.filling.file.select.different.button,"Sélectionner un autre fichier","This is the button label once you've made a selection in a file field.",,,"Select a different file"
web.forms.page.filling.file.select.file.button,"Sélectionner un fichier","This is the default button label in a file field before you've made a selection.",,,"Select a file"
web.forms.page.filling.geopoint.accuracy,Précision,"This is the text that appears immediately before the accuracy value once you've recorded your location in a geo field.",,,Accuracy
web.forms.page.filling.geopoint.altitude,Altitude,"This is the text that appears immediately before the altitude value once you've recorded your location in a geo field.",,,Altitude
web.forms.page.filling.geopoint.error.geolocation.not.supported,"La géolocalisation n'est pas prise en charge par ce navigateur.","Error message that appears when a geopoint field is shown in a browser that does not support location services.",,,"Geolocation is not supported by this browser."
web.forms.page.filling.geopoint.error.not.available,"Les informations de localisation ne sont pas disponibles.","Error message that appears when a geopoint field is shown in a browser and location services are not available (possibly because the user has disabled location services or declined to give permission).",,,"Location information is not available."
web.forms.page.filling.geopoint.error.permission.denied,"Impossible d'identifier la localisation (autorisation refusée). Vous devez peut-être modifier les paramètres de sécurité de votre navigateur pour permettre à ce site Web d'accéder à votre localisation.","Error message that appears when a geopoint field is shown in a browser and location services are not available because of security settings or the user has declined to give permission.",,,"Cannot identify location (permission denied). You may need to change your browser's security settings to allow this website to access your location."
web.forms.page.filling.geopoint.error.request.timeout,"La demande de localisation de l'utilisateur a expiré.","Error message that appears when a geopoint field is shown in a browser and the system times out before getting a valid location.",,,"The request to get user location timed out."
web.forms.page.filling.geopoint.error.unknown,"Une erreur inconnue s'est produite.","Error message that appears when a geopoint field is shown in a browser and some unknown error prevents the system from reading the current location.",,,"An unknown error occurred."
web.forms.page.filling.geopoint.latitude,Latitude,"This is the text that appears immediately before the latitude value once you've recorded your location in a geo field.",,,Latitude
web.forms.page.filling.geopoint.longitude,Longitude,"This is the text that appears immediately before the longitude value once you've recorded your location in a geo field.",,,Longitude
web.forms.page.filling.geopoint.record.location.button,"Enregistrer la localisation","The primary button label in a geo field before you've recorded a location.",,,"Record location"
web.forms.page.filling.geopoint.replace.location.button,"Remplacer la localisation","This is the button label once you've recorded a location in a geo field.",,,"Replace location"
web.forms.page.filling.go.to.button,"Aller à","The label for the 'go to' button.",,,"Go to"
web.forms.page.filling.go.to.UI.close,Fermer,"The label for the red button in the 'go to' screen used to exit the 'go to' screen.",,,Close
web.forms.page.filling.go.to.UI.go.there,"Aller là","The label for the button next to each field in the 'go to' screen.",,,"Go there"
web.forms.page.filling.go.to.UI.go.to.end,"Aller à la fin","The button label in the 'go to' screen for progressing to the end of the form.",,,"Go to end"
web.forms.page.filling.go.to.UI.go.to.start,"Aller au début","The button label in the 'go to' screen for returning to the beginning of the form. ",,,"Go to start"
web.forms.page.filling.go.to.UI.go.up,"Aller plus haut","The button label in the 'go to' UI for when you are currently within an instance of a repeat group and you would like to 'go up' a level.",,,"Go up"
web.forms.page.filling.go.to.UI.resume,Reprendre,"When you return to a saved form to continue filling it out, this is the button label in the 'go to' UI for resuming where you left off.",,,Resume
web.forms.page.filling.image.annotate.hint,"Veuillez télécharger une image annotée.","This is the message that appears above the buttons when filling out an image field with the 'annotate' appearance in a web form. ",,,"Please upload an annotated image."
web.forms.page.filling.image.draw.hint,"Veuillez télécharger une image dessinée.","This is the message that appears above the buttons when filling out an image field with the 'draw' appearance in a web form. ",,,"Please upload a drawn image."
web.forms.page.filling.image.select.file.button,"Sélectionner l'image","Button label in an image field for selecting an existing image. ",,,"Select image"
web.forms.page.filling.image.signature.hint,"Veuillez télécharger un fichier avec votre signature.","This is the message that appears above the buttons when filling out an image field with the 'signature' appearance in a web form. ",,,"Please upload a file with your signature."
web.forms.page.filling.image.take.picture.button,"Prendre une photo","Button label in an image field for taking a new picture.",,,"Take picture"
web.forms.page.filling.input.field.placeholder.label,"Votre réponse ici ...","This is the placeholder text for the input boxes in text, decimal, and integer fields. ",,,"Your answer here..."
web.forms.page.filling.integer.error.not.integer,"Veuillez saisir un nombre entier uniquement.","The error message when you try to enter a non-integer into an integer field.",,,"Please enter an integer only."
web.forms.page.filling.last.screen.hint,"Cliquez sur le bouton ci-dessous pour soumettre ce formulaire tel qu'il est actuellement rempli.","This is the hint that appears on the last screen of a form for anonymous users (users who are not logged in to your server). It replaces the options to name and finalize the form.",,,"Click the button below to submit this form as it is currently filled out."
web.forms.page.filling.last.screen.mark.finalized.checkbox,"Marquer le formulaire comme finalisé","The checkbox label when a logged-in user reaches the end of a form.",,,"Mark form as finalized"
web.forms.page.filling.last.screen.name.label,"Donnez un nom au formulaire","The input box label when a logged-in user reaches the end of a form.",,,"Name this form"
web.forms.page.filling.last.screen.save.exit.button,"Enregistrer le formulaire et quitter","The button label for logged-in users when they reach the end of a form. ",,,"Save Form and Exit"
web.forms.page.filling.last.screen.submit.button,"Soumettre le formulaire","The button label for anonymous users (users who are not logged in to your server) when they reach the end of a form. ",,,"Submit Form"
web.forms.page.filling.last.screen.title,"Vous êtes à la fin de {0}","This is the headline on the last screen of a form. {0} gets replaced with the current form title and must be included in your translation.",,,"You are at the end of {0}"
web.forms.page.filling.login.panel.loggedin.as,"Vous êtes actuellement connecté en tant que","This appears in the user dropdown menu in the top right for logged-in users, and is followed by the user's email address.",,,"You are currently logged in as"
web.forms.page.filling.login.panel.login.and.continue.btn,"Se connecter et continuer","The button label in the user dropdown menu in the top right for anonymous users (users who are not logged in to your server).",,,"Log in and continue"
web.forms.page.filling.login.panel.login.btn,"Se connecter",,,,"Log in"
web.forms.page.filling.login.panel.logout.btn,"Se déconnecter","The button label in the user dropdown menu in the top right for logged-in users. ",,,"Log out"
web.forms.page.filling.login.panel.not.loggedin.long,"Vous n'êtes pas connecté actuellement","This appears in the user dropdown menu in the top right for anonymous users (users who are not logged in to your server).",,,"You are not currently logged in"
web.forms.page.filling.login.panel.not.loggedin.short,"Non connecté","This is the label for the user dropdown menu in the top right for anonymous users (users who are not logged in to your server).",,,"Not logged in"
web.forms.page.filling.menu.add.comment,"Ajouter un commentaire","If your form contains a comments field, this is the menu option label to leave a comment. ",,,"Add comment"
web.forms.page.filling.menu.appearance,Apparence,"This is the dropdown menu label to change the appearance style (only available to logged-in users).",,,Appearance
web.forms.page.filling.menu.appearance.default,Défaut,"Label in the Appearance dropdown menu for the 'default' appearance style.",,,Default
web.forms.page.filling.menu.appearance.small,Petit,"Label in the Appearance dropdown menu for the 'small' appearance style.",,,Small
web.forms.page.filling.menu.appearance.small.wide,"Petit large","Label in the Appearance dropdown menu for the 'small wide' appearance style.",,,"Small wide"
web.forms.page.filling.menu.appearance.wide,Large,"Label in the Appearance dropdown menu for the 'wide' appearance style.",,,Wide
web.forms.page.filling.menu.clear.responses,"Effacer les réponses","The option in the 'options' dropdown menu to remove your response from the current field. ",,,"Clear responses"
web.forms.page.filling.menu.exit.to.main.menu,"Quitter pour le menu principal","Logged-in users will see this option in the 'options' dropdown menu.",,,"Exit to main menu"
web.forms.page.filling.menu.options,Options,"The label for the 'options' dropdown menu.",,,Options
web.forms.page.filling.menu.remove.current.repeat.instance,"Supprimer la répétition actuelle","In a repeat group, this option will be available in the 'options' dropdown menu.",,,"Remove current repeat instance"
web.forms.page.filling.menu.save.form,"Enregistrer le formulaire","Logged-in users will see this option in the toolbar.",,,"Save form"
web.forms.page.filling.menu.skip.to.next,"Passer au suivant","Logged-in users will see this option in the 'options' dropdown menu.",,,"Skip to next"
web.forms.page.filling.menu.start.over,Recommencer,"This is the option in the 'options' dropdown menu to discard all the current responses and start over from a blank form.",,,"Start over"
web.forms.page.filling.menu.validate.form,"Valider le formulaire","Logged-in users will see this option in the 'options' dropdown menu.",,,"Validate form"
web.forms.page.filling.nav.end,"Aller à la fin","The tooltip that appears when you hover over the circle 'go to end' button.",,,"Go to end"
web.forms.page.filling.nav.next,Suivant,"The tooltip that appears when you hover over the circle 'next' button.",,,Next
web.forms.page.filling.nav.previous,Précédent,"The tooltip that appears when you hover over the circle  'previous' button.",,,Previous
web.forms.page.filling.nav.start,"Aller au début","The tooltip that appears when you hover over the circle 'go to start' button. ",,,"Go to start"
web.forms.page.filling.next.button,Suivant,"The button label for the blue 'next' button at the bottom right. ",,,Next
web.forms.page.filling.numerical.error.not.numeric,"Veuillez entrer un chiffre uniquement.","Error message that appears when the user is prompted for a decimal value and enters something invalid.",,,"Please enter a number only."
web.forms.page.filling.popups.add.comment.intro,"Veuillez saisir votre commentaire dans le champ ci-dessous:","This is the field label in the pop-up to add a comment.",,,"Please type your comment in the field below:"
web.forms.page.filling.popups.add.comment.save.button,"Enregistrer le commentaire","This is the button label in the pop-up to save a comment.",,,"Save comment"
web.forms.page.filling.popups.add.comment.title,"Ajouter un commentaire","This is the title of the pop-up to add a comment.",,,"Add comment"
web.forms.page.filling.popups.add.new.group.message,"Ajouter un nouveau groupe ""{0}""?","{0} gets replaced with the repeat group label and must be included in your translation.",,,"Add a new ""{0}"" group?"
web.forms.page.filling.popups.add.new.group.negative.button,"Ne pas ajouter","The button label to not add a new group in the 'add new group' pop-up for repeat groups.",,,"Do not add"
web.forms.page.filling.popups.add.new.group.positive.button,"Ajouter un groupe","The button label to add a new group in the 'add new group' pop-up for repeat groups.",,,"Add group"
web.forms.page.filling.popups.add.new.group.title,"Ajouter un nouveau groupe?","The title of the 'add new group' pop-up for new repeat groups (when there are no existing instances).",,,"Add new group?"
web.forms.page.filling.popups.add.one.more.group.message,"Ajouter un autre groupe «{0}»?","This is the message in the pop-up for adding a repeat group when there is already at least one instance. {0} gets replaced with the repeat group label and must be included in your translation.",,,"Add another ""{0}"" group?"
web.forms.page.filling.popups.add.one.more.group.title,"Ajouter un groupe supplémentaire?","The title of the 'add new group' pop-up for repeat groups that contain at least one instance already.",,,"Add one more group?"
web.forms.page.filling.popups.cancel.button,Annuler,"Generic button label for all 'cancel' buttons in pop-ups.",,,Cancel
web.forms.page.filling.popups.capture.media.done.button,Terminé,"The button label to save the current snapshot in the 'capture media' pop-up.",,,Done
web.forms.page.filling.popups.capture.media.take.button,"Prendre un instantané","The button label to take a picture in the 'capture media' pop-up.",,,"Take snapshot"
web.forms.page.filling.popups.capture.media.title,"Capture des médias","The title of the 'capture media' pop-up.",,,"Capture media"
web.forms.page.filling.popups.clear.responses.prompt.button,"Effacer toutes les réponses","The button label to clear all responses in the confirmation pop-up when you attempt to clear responses. ",,,"Clear all responses"
web.forms.page.filling.popups.clear.responses.prompt.message,"Effacer toutes les réponses sur la page actuelle?","The message in the confirmation pop-up when you attempt to clear responses. ",,,"Clear all responses on this current page?"
web.forms.page.filling.popups.clear.responses.prompt.title,Confirmer,"The title of the confirmation pop-up when you attempt to clear responses. ",,,Confirm
web.forms.page.filling.popups.close.button,Fermer,"Generic button label for all 'close' buttons in pop-ups.",,,Close
web.forms.page.filling.popups.confirm.discard.prompt.button,"Oui, je suis sûr!","This is the button label to confirm exiting without saving in the pop-up when logged in users attempt to exit to main menu and then choose to discard changes.",,,"Yes, I'm sure!"
web.forms.page.filling.popups.confirm.discard.prompt.message,"Cela supprimera toutes les nouvelles données que vous avez saisies. Êtes-vous sûr?","This is the message in the pop-up when logged in users attempt to exit to main menu and then choose to discard changes.",,,"This will discard any new data that you have entered. Are you sure?"
web.forms.page.filling.popups.confirm.discard.prompt.title,"Confirmer la sortie","This is the title of the pop-up when logged in users attempt to exit to main menu and then choose to discard changes.",,,"Confirm exit"
web.forms.page.filling.popups.confirm.title,Confirmer,"Generic pop-up title for confirmation pop-ups.",,,Confirm
web.forms.page.filling.popups.error.title,Erreur,"Generic title of the pop-up window shown when an error message appears to the user and a more specific window title is not available.",,,Error
web.forms.page.filling.popups.exit.form.prompt.message,"Souhaitez-vous enregistrer votre formulaire avant de quitter, ou supprimer toutes les modifications que vous avez apportées?","This is the message in the pop-up when logged-in users attempt to exit to main menu.",,,"Do you want to save your form before exiting, or discard all changes that you've made?"
web.forms.page.filling.popups.exit.form.prompt.negative.button,"Supprimer les modifications","This is the button label to discard changes in the pop-up when logged-in users attempt to exit to main menu.",,,"Discard Changes"
web.forms.page.filling.popups.exit.form.prompt.positive.button,"Sauvegarder les modifications","This is the button label to save changes in the pop-up when logged-in users attempt to exit to main menu.",,,"Save Changes"
web.forms.page.filling.popups.exit.form.prompt.title,"Confirmer la sortie","This is the title of the pop-up when logged-in users attempt to exit to main menu.",,,"Confirm exit"
web.forms.page.filling.popups.form.saved.confirmation.message,"Formulaire enregistré avec succès!","This is the message in the confirmation pop-up when a logged-in user saves their form successfully.",,,"Form successfully saved!"
web.forms.page.filling.popups.form.validated.confirmation.message,"La validation a réussi!","This is the message in the confirmation pop-up when a logged-in user validates their form successfully.",,,"Validation succeeded!"
web.forms.page.filling.popups.form.validated.go.to.end.button,"Aller à la fin","This is the button label in the confirmation pop-up when a logged-in user validates their form successfully.",,,"Go to end"
web.forms.page.filling.popups.remove.instance.prompt.button,"Oui, supprimez-la","This is the button label in the confirmation pop-up when you try to remove the current repeat instance.",,,"Yes, remove it"
web.forms.page.filling.popups.remove.instance.prompt.message,"Confirmer la suppression du groupe","This is the title of the confirmation pop-up when you try to remove the current repeat instance.",,,"Confirm group removal"
web.forms.page.filling.popups.remove.instance.prompt.title,"Supprimer le groupe ""{0}"" et tous ses sous-groupes?","This is the message in the confirmation pop-up when you try to remove the current repeat instance. {0} gets replaced by the repeat group label and instance number and must be included in your translation.",,,"Remove group ""{0}"" and all of its sub-groups?"
web.forms.page.filling.popups.resume.prompt.message,"Vous avez déjà commencé à remplir ce formulaire et vous l'avez mis à jour pour la dernière fois le {0}. Reprendre là où vous vous étiez arrêté ou supprimer cette version et recommencer? (Si vous choisissez de recommencer, l'ancienne version sera supprimée et vous ne pourrez plus la récupérer.)","This is the message in the 'resume form' pop-up that is presented when a logged-in user returns after their session expires. {0} gets replaced with the date and time of the last form session and must be included in your translation.",,,"You have already started filling out this form and last updated it on {0}. Resume from where you left off, or discard that version and start again? (If you choose to start again, the old version will be discarded and there is no undo.)"
web.forms.page.filling.popups.resume.prompt.negative.button,Supprimer,"This is the button label to discard the old form in the 'resume form' pop-up that is presented when a logged-in user returns after their session expires. ",,,Discard
web.forms.page.filling.popups.resume.prompt.positive.button,Reprendre,"This is the button label to resume filling out the old form in the 'resume form' pop-up that is presented when a logged-in user returns after their session expires. ",,,Resume
web.forms.page.filling.popups.resume.prompt.title,"Formulaire non terminé trouvé","This is the title of the 'resume form' pop-up that is presented when a logged-in user returns after their session expires. ",,,"Un-finished form found"
web.forms.page.filling.popups.resume.different.caseid.negative.button,"Reprendre {0}","The button label to continue filling out the partially-filled form from memory. {0} will be replaced by the case ID from memory and must be included in your translation.",,,"Resume {0}"
web.forms.page.filling.popups.resume.different.caseid.positive.button,"Démarrer {0}","The button label to start a brand new form with a new case iD. {0} will be replaced by the case ID from the current URL and must be included in your translation.",,,"Start {0}"
web.forms.page.filling.popups.resume.different.caseid.title,Avertissement,"The title of the pop-up message prompting which case ID to use.",,,Warning
web.forms.page.filling.popups.start.over.prompt.button,"Supprimer les modifications","This is the button label to discard changes in the pop-up when you attempt to start over.",,,"Discard Changes"
web.forms.page.filling.popups.start.over.prompt.message,"Supprimer toutes les modifications et recommencer avec un formulaire vierge?","This is the message in the pop-up when you attempt to start over.",,,"Discard all changes and start over with a blank form?"
web.forms.page.filling.popups.start.over.prompt.title,"Confirmer la sortie","This is the title of the pop-up when you attempt to start over.",,,"Confirm exit"
web.forms.page.filling.popups.success.title,Succès,"Generic title of 'success' type pop-ups.",,,Success
web.forms.page.filling.popups.warning.title,Avertissement,"Generic title of 'warning' type pop-ups. ",,,Warning
web.forms.page.filling.repeat.table.add.row.button,"Ajouter une rangée",,,,"Add row"
web.forms.page.filling.repeat.table.back.level.button,"Retour au niveau précédent","Tooltip when you hover over the arrow button in the top left of the table summary in a repeat group with the 'table' or 'table-labeled' appearance.",,,"Back one level"
web.forms.page.filling.repeat.table.label,Résumé,"The heading just above the summary table in a repeat group with the 'table' or 'table-labeled' appearance.",,,Summary
web.forms.page.filling.select1.minimal.label,"Sélectionner une réponse","The first option in the dropdown in a select_one field with the 'minimal' appearance.",,,"Select one answer"
web.forms.page.filling.selectx.minimal.remove.response.button.label,"Supprimer la réponse","The button label to remove responses in a select_multiple field with the 'minimal' appearance.",,,"Remove response"
web.forms.page.filling.text.error.numbers.appearance.invalid.input,"Désolé, vous ne pouvez saisir que des chiffres numériques, des symboles moins (-), des symboles plus (+), des virgules (,), des points (.), et des espaces ( ).","Error message that appears when the user enters one or more invalid characters into a field that uses the ""numbers"" appearance for showing the numeric keypad on mobile devices.",,,"Sorry, you may only enter numeric digits, minus symbols (-), plus symbols (+), commas (,), dots(.), and spaces ( )."
web.forms.page.filling.text.error.numbers.phone.appearance.invalid.input,"Désolé, vous ne pouvez saisir que des chiffres de téléphone, des symboles moins (-), des symboles plus (+), des points (.), des hashtags (#), des astérisques (*) et des espaces ( ).","Error message that appears when the user enters one or more invalid characters into a field that uses the ""numbers_phone"" appearance for showing the phone-number keypad on mobile devices.",,,"Sorry, you may only enter phone digits, minus symbols (-), plus symbols (+), dots (.), hashtags (#), asterisks (*), and spaces( )."
web.forms.page.filling.text.error.url.appearance.blank,"Aucune URL n'est définie.","Error message that appears when the user clicks to open the URL on a field with the ""url"" appearance but there is no URL to open.",,,"No url is set."
web.forms.page.filling.text.url.appearance.button,"Ouvrir l'URL",,,,"Open Url"
web.forms.page.filling.thankyou.not.submitted.text,"Merci! Aucune donnée n'a été soumise.","The message after you 'submit' a form in the test view of the Form Designer but choose to discard the data.",,,"Thank you! No data was submitted."
web.forms.page.filling.thankyou.not.submitted.title,"Le formulaire n'a pas été soumis","The title after you 'submit' a form in the test view of the Form Designer but choose to discard the data.",,,"Form was not submitted"
web.forms.page.filling.thankyou.submitted.text,"Merci! Votre formulaire a été soumis avec succès.","The message after you submit a form.",,,"Thank you! Your form has been successfully submitted."
web.forms.page.filling.thankyou.submitted.title,"Formulaire soumis avec succès","The title after you submit a form.",,,"Form successfully submitted"
web.forms.page.filling.unknown.field.type.error.not.supported,"Le type du champ ""{0}"" ne peut pas être affiché dans l'interface Web, un champ de texte sera donc utilisé à la place.","Error message that appears when a field with an unknown field type appears in a web form. {0} gets replaced with the field label and must be included in your translation.",,,"The type of the field '{0}' cannot be displayed in the web interface, so a text field will be used instead."
web.forms.page.filling.video.select.file.button,"Sélectionner un fichier vidéo","The button label in a 'video' field type.",,,"Select video file"
web.forms.page.forms.header,"Choisir un formulaire vierge à remplir:","The heading text at the top of the 'fill blank form' page.",,,"Choose a blank form to fill out:"
web.forms.page.forms.title,"Remplir le formulaire vierge","The page title of the 'fill blank form' page.",,,"Fill blank form"
web.forms.page.main.download.app.button,"Télécharger l'appli","The button label on the main menu page.",,,"Download app"
web.forms.page.main.edit.saved.form.button,"Modifier le formulaire enregistré","The button label on the main menu page (only available to logged-in users).",,,"Edit saved form"
web.forms.page.main.fill.blank.form.button,"Remplir le formulaire vierge","The button label on the main menu page for logged-in users to get to the 'fill blank form' page.",,,"Fill blank form"
web.forms.page.main.manage.cases.button,"Gérer les dossiers","The button label on the main menu page (only available to logged-in users).",,,"Manage cases"
web.forms.page.main.sub.title,"Collecte de données sécurisée et de haute qualité","The page subheading on the main menu page (only visible to logged-in users).",,,"Secure, high quality data collection"
web.forms.page.main.title,"Menu principal","The page title of the main menu page (only visible to logged-in users).",,,"Main menu"
web.forms.page.shared.form.delete.button,Supprimer,"The button label for deleting a form on the 'delete saved form' page (only available to logged-in users).",,,Delete
web.forms.page.shared.form.fill.out,Remplir,"The button label for filling out a form from any of the main menu sub-pages.",,,"Fill out"
web.forms.page.shared.form.resume.button,Reprendre,"The button label for resuming a form from the 'edit saved form' page (only available to logged-in users).",,,Resume
web.forms.page.shared.form.title,Titre,,,,Title
web.forms.page.shared.no.forms.msg,"Il n'y a pas d'exemples.","The message when there are no saved forms on any of the main menu pages (only available to logged-in users).",,,"There are no instances."
web.forms.page.shared.return.to.main.page.button,"Revenir au menu principal","The button label for returning to the main menu when you are on any of the main menu sub-pages.",,,"Return to main menu"
web.forms.page.filling.date.months.april,Avril,"This is the month label used in date and datetime fields with the 'no-calendar' appearance.",,,April
web.forms.page.filling.date.months.august,Août,"This is the month label used in date and datetime fields with the 'no-calendar' appearance.",,,August
web.forms.page.filling.date.months.december,Décembre,"This is the month label used in date and datetime fields with the 'no-calendar' appearance.",,,December
web.forms.page.filling.date.months.february,Février,"This is the month label used in date and datetime fields with the 'no-calendar' appearance.",,,February
web.forms.page.filling.date.months.january,Janvier,"This is the month label used in date and datetime fields with the 'no-calendar' appearance.",,,January
web.forms.page.filling.date.months.july,Juillet,"This is the month label used in date and datetime fields with the 'no-calendar' appearance.",,,July
web.forms.page.filling.date.months.june,Juin,"This is the month label used in date and datetime fields with the 'no-calendar' appearance.",,,June
web.forms.page.filling.date.months.march,Mars,"This is the month label used in date and datetime fields with the 'no-calendar' appearance.",,,March
web.forms.page.filling.date.months.may,Mai,"This is the month label used in date and datetime fields with the 'no-calendar' appearance.",,,May
web.forms.page.filling.date.months.november,Novembre,"This is the month label used in date and datetime fields with the 'no-calendar' appearance.",,,November
web.forms.page.filling.date.months.october,Octobre,"This is the month label used in date and datetime fields with the 'no-calendar' appearance.",,,October
web.forms.page.filling.date.months.september,Septembre,"This is the month label used in date and datetime fields with the 'no-calendar' appearance.",,,September
web.forms.page.filling.error.not.supported.web,"Désolé, une erreur s'est produite lors de l'affichage de ce champ. La fonctionnalité suivante n'est pas prise en charge dans les formulaires Web: {0}. Le champ actuel utilise peut-être une apparence de secours pour vous permettre de continuer à remplir ce formulaire. Pour un résultat optimal, utilisez SurveyCTO Collect sur un appareil Android pour remplir ce formulaire.","This is the error message that is displayed when the current field contains a feature that is unsupported in web forms, but may be supported in Collect for Android or Collect for iOS. {0} will be replaced with the specific feature name that is unsupported, and must be included in your translation.",,,"Sorry, there was an error displaying this field. The following feature is not supported in web forms: {0}. The current field may be using a fallback appearance to allow you to continue filling out this form. For best results, use SurveyCTO Collect on an Android device to fill this form out."
web.forms.page.filling.popups.resume.different.caseid.message,"Vous êtes sur le point de créer un nouveau formulaire pour le dossier ""{0}"". Nous avons remarqué que vous n'avez pas terminé de remplir le formulaire pour le dossier ""{1}"". Souhaitez-vous finir de remplir ce formulaire ou en créer un nouveau?","Whenever a user visits a form that they had already started filling out, SurveyCTO attempts to resume the partially-filled form from memory. If the partially-filled form has a different case ID than the current URL, a pop-up will appear with this message asking which form they wish to fill out. {0} will be replaced by the case ID from the current URL, and {1} will be replaced by the case ID from memory. Both {0} and {1} must be included in your translation.",,,"You are about to start a new form for case ID ""{0}"". We noticed that you haven't finished filling out the form for case ID ""{1}"". Do you want to resume filling out that form, or start a new one?"
web.forms.page.shared.form.last.saved,"Dernière sauvegarde","The label preceding the timestamp on all of the main menu sub-pages (only available to logged-in users).",,,"Last saved"
web.forms.page.shared.form.name,Nom,"The label preceding the form name on all of the main menu sub-pages for logged-in users.",,,Name
web.forms.page.shared.form.id,ID,"The label preceding the form ID on all of the main menu sub-pages.",,,ID
web.forms.page.shared.form.version,Version,"The label preceding the form version on all the main menu sub-pages.",,,Version
web.forms.page.main.delete.saved.form.button,"Supprimer le formulaire enregistré","The button label on the main menu page (only available to logged-in users).",,,"Delete saved form"
web.forms.page.login.fill.web.data.collection.disabled.text,"(La collecte de données sur le web n'a pas été activée pour ce serveur, vous devez donc utiliser l'application mobile pour collecter des données.)","Warning that appears when you access the login page but an admin has disabled web data collection.",,,"(Web data collection has not been enabled for this server, so you must use the mobile app to collect data.)"
web.forms.page.login.go.back.to.console.link,"Cliquer ici pour se connecter au serveur de console.","Link for returning to the server console.",,,"Click here to login to the server console."
web.forms.page.login.fill.web.forms.anonymously.button,"Remplir les formulaires web de manière anonyme","The button label for filling web forms anonymously.",,,"Fill web forms anonymously"
web.forms.page.login.or.text,Ou,"This text separates the different form access options on the login page (fill forms anonymously, log in, or download the mobile app). Please note: this text will always be rendered in uppercase letters. ",,,Or
web.forms.page.login.servername.input,"Nom du serveur:","The label for the server name input on the login page.",,,"Server name:"
web.forms.page.login.username.input,"Courriel ou nom d'utilisateur","The label for the username input on the login page.",,,"Email address or username:"
web.forms.page.login.username.placeholder,"Votre courriel ou nom d'utilisateur","This is the placeholder for the username input on the login page.",,,"Your email or username"
web.forms.page.login.password.input,"Mot de passe:","The label for the password input on the login page.",,,Password:
web.forms.page.login.password.placeholder,"Votre mot de passe","This is the placeholder for the password input on the login page.",,,"Your password"
web.forms.page.login.back.button,Précédent,"The button label for changing the username for login. Appears when external authentication (SSO) is set up on the server, but the current username specified requires a password.",,,Back
web.forms.page.login.next.button,Suivant,"The button label for proceeding with the login. Appears when external authentication (SSO) is set up on the server, but the current username specified requires a password.",,,Next
web.forms.page.login.login.button,"Se connecter","The button label for logging in.",,,"Log in"
web.forms.page.login.terms.conditions.link,"Conditions générales","The label for the terms and conditions link.",,,"Terms and conditions"
web.forms.page.login.brought.to.you.by.text,"Proposé par","Dobility branding. Appears only on the login page.",,,"Brought to you by"
web.forms.page.login.no.cookies.error,"Il semble que vous ayez désactivé les « cookies » dans les paramètres de confidentialité de votre navigateur, mais SurveyCTO a besoin des cookies pour fonctionner. Ainsi, pour pouvoir vous connecter, veuillez autoriser les cookies et rafraîchir la page.","Error message that appears when you try to log in with cookies disabled.",,,"It looks like you have disabled ""cookie"" support in your Internet browser's privacy settings, but SurveyCTO requires cookies to function. Therefore, you are unlikely to be able to login until you enable cookies and refresh this page."
web.forms.page.login.authentication.options.error,"Désolé, mais nous n'avons pas pu identifier les options d'authentification pour  '{0}'.","Error message that appears when the server cannot identify authentication options for a username. {0} gets replaced with the attempted username and must be included in your translation.",,,"I'm sorry but we couldn't identify authentication options for '{0}'."
web.forms.page.error.traffic.jam,"Beaucoup de trafic! Je suis désolé, mais nous n'avons pas pu traiter votre demande. Veuillez réessayer ou rafraîchir la page. (Détails: {0})","This is the error message that can appear if the server becomes temporarily overloaded. {0} gets replaced with details about the error and must be included in your translation.",,"Added in SCTO_v2.70.8.","Traffic jam! I'm sorry, but we were unable to process your request. Please try again or refresh your page. (Details: {0})"
web.forms.page.filling.generic.error.filetype.name.audio,audio,"This is the name of the expected file type that gets used in the error message web.forms.page.filling.generic.error.invalid.file.type.",,"Added in SCTO_v2.70.8.",audio
web.forms.page.filling.generic.error.filetype.name.file,fichier,"This is the name of the expected file type that gets used in the error message web.forms.page.filling.generic.error.invalid.file.type.",,"Added in SCTO_v2.70.8.",file
web.forms.page.filling.generic.error.filetype.name.image,image,"This is the name of the expected file type that gets used in the error message web.forms.page.filling.generic.error.invalid.file.type.",,"Added in SCTO_v2.70.8.",image
web.forms.page.filling.generic.error.filetype.name.video,vidéo,"This is the name of the expected file type that gets used in the error message web.forms.page.filling.generic.error.invalid.file.type.",,"Added in SCTO_v2.70.8.",video
web.forms.page.filling.generic.error.invalid.file.type,"Le fichier ""{0}"" n'est pas un fichier {1} valide. Les extensions valides comprennent:","This is the error message that appears when you attempt to upload an invalid file type. {0} gets replaced with the filename of the file you're attempting to upload. {1} gets replaced with the expected file type in the current language. Both {0} and {1} must be included in your translation. A list of allowable file extensions (in English) are added to the end of this message.",,"Added in SCTO_v2.70.8.","The file ""{0}"" is not a valid {1} file. Valid extensions include: "
web.forms.page.filling.generic.error.invalid.file.type.executable,"Je suis désolé, pour des questions de sécurité, vous ne pouvez pas téléverser un fichier exécutable.","This is the error that appears when you try and upload an executable file.",,"Added in SCTO_v2.70.8.","I'm sorry, for security reasons, you cannot upload an executable file."
web.forms.page.filling.generic.error.invalid.file.type.mime,"Je suis désolé, mais ce type de fichier n'est pas autorisé ({0}).","This is the error message that appears when you attempt to upload a file that is disallowed by the defined MIME types. {0} gets replaced with the supplied invalid file type, and must be included in your translation.",,"Added in SCTO_v2.70.8.","I'm sorry, but that file type is not allowed ({0})."
web.forms.page.filling.generic.error.invalid.response,"Désolé, cette réponse est invalide!","This is the error message that appears when the response violates the constraint for the field.",,"Added in SCTO_v2.70.8.","Sorry, this response is invalid!"
web.forms.page.filling.generic.error.missing.media,"Le fichier média ""{0}"" est absent.","This is the text that appears if a field is supposed to show a media file, but that media file is missing. {0} gets replaced with the filename of the missing media file and must be included in your translation.",,"Added in SCTO_v2.70.8.","The media file ""{0}"" is missing."
web.forms.page.filling.generic.error.required,"Désolé, cette réponse est obligatoire!","This is the error that appears when you try and move past a required field without entering a response.",,"Added in SCTO_v2.70.8.","Sorry, this response is required!"
web.forms.page.filling.intro.text.line1,"Vous êtes au début d'un formulaire. Lorsque vous êtes prêt, veuillez cliquer le bouton {0} ci-dessous ou à droite.","Default message that appears at the beginning of a form.",,,"You are at the start of a form. When ready to begin, please click the {0} button below or to the right."
web.forms.page.filling.intro.text.line2,"À la fin, vous aurez la possibilité de soumettre vos réponses.","Default message that appears at the beginning of a form.",,,"At the end, you will have the opportunity to submit your responses."
web.forms.page.filling.popups.no.cookies.line1,"Nous avons détecté que vous avez désactivé les « cookies » pour ce site Web. Vous pouvez le faire, mais sachez que, sans cookies pour suivre votre identité anonyme, vous ne pourrez pas reprendre un formulaire partiellement rempli si votre session est interrompue pour une raison quelconque.","The warning message that appears when a user has disabled cookies.",,,"We have detected that you have disabled ""cookie"" support for this website. You can do that, but please be aware that, without cookies to track your anonymous identity, you will not be able to resume a partially-filled form should your session be interrupted for some reason."
web.forms.page.filling.popups.no.cookies.line2,"De plus, ne copiez pas l'URL que vous utilisez pour remplir cette enquête et ne la partagez pas avec quelqu'un d'autre. Si vous le faites, ils peuvent voir et reprendre votre session.","The warning message that appears when a user has disabled cookies.",,,"Also, do not copy the URL you are using to fill out this survey and share it with anybody else. If you do, they can see and resume your session."
web.forms.page.session.error.resume.failed,"Impossible de reprendre depuis la dernière position enregistrée : {0}","This is the error message that appears if you try to resume filling out a form from the last saved position, and an unknown error occurs. {0} gets replaced with the path to the last saved position, which includes the field name and the names of any field groups in which the field is located, and must be included in your translation.",,"Added in SCTO_v2.70.8.","Cannot resume from the last saved position: {0}"
web.forms.page.session.error.resume.point.invalid,"La dernière position enregistrée ne pouvait pas correspondre à une place dans l'enquête : {0}","This is the error message that appears if you try to resume filling out a form from the last saved position, but the last saved position can't be found in the form. {0} gets replaced with the path to the last saved position, which includes the field name and the names of any field groups in which the field is located, and must be included in your translation.",,"Added in SCTO_v2.70.8.","The last saved position could not match a place in the survey: {0}"
web.forms.page.session.error.resume.point.not.found,"Désolé, ce formulaire n'a pas de position enregistrée à partir de laquelle reprendre.","This is the error message that appears if you try to resume filling out a form from the last saved position, but there is no restore point found.",,"Added in SCTO_v2.70.8.","Sorry, this form doesn't have a saved position from which to resume."
web.forms.page.session.error.session.expired,"Cette page a expiré, probablement car vous avez été inactif pendant un long moment. Veuillez rafraîchir la page pour continuer.","This is the message that appears if you try to continue filling out a form but the session has expired.",,"Added in SCTO_v2.70.8.","This page has expired probably because you have been inactive for a long time. Please refresh this page to continue."
web.forms.page.session.error.session.lost.message.body.anonymous,"Étiez-vous connecté? Si oui, cliquez {0} pour vous connecter à nouveau. Sinon, cliquez {1} pour démarrer une nouvelle session.","When a form session is lost, and you are not logged in, this is the second part of the message that appears. {0} gets replaced with the text from the ""Log in"" button in the current language, and must be included in your translation. {1} gets replaced with the text from the ""Start over"" button in the current language and must be included in your translation.",,"Added in SCTO_v2.70.8.","Were you logged in before? If so, click {0} to log in again. Otherwise, click {1} to start a new session."
web.forms.page.session.error.session.lost.message.body.logged.in,"Veuillez cliquer {0} pour en commencer une nouvelle.","When a form session is lost, and you are logged in, this is the second part of the message that appears. {0} gets replaced with the text from the ""Start over"" button in the current language and must be included in your translation. ",,"Added in SCTO_v2.70.8.","Please click {0} to start a new one."
web.forms.page.session.error.session.lost.message.prefix,"Je suis désolé, mais nous ne trouvons pas votre session.","When a form session is lost, this is the first part of the message that appears.",,"Added in SCTO_v2.70.8.","I'm sorry, but we can't seem to find your session."
web.forms.page.session.error.session.lost.title,"Une erreur s'est produite","When a form session is lost, this is the page title for the error page you land on.",,"Added in SCTO_v2.70.8.","An error has occurred"
web.forms.page.login.fill.web.forms.anonymously.button,"Remplir les formulaires web de manière anonyme","UNUSED: depreciated in SCTO_v2.70.9",,,"Fill web forms anonymously"
web.forms.page.login.or.text,Ou,"UNUSED: depreciated in SCTO_v2.70.9",,,Or
web.forms.page.login.headline,"Connectez-vous à","The headline above the login section on the login page. This text is immediately followed by the server name.",,"Added in SCTO_v2.70.9.","Log in to"
web.forms.page.login.existing.account.text,"Avez-vous déjà un compte utilisateur sur ce serveur?","This is the hint text that appears above the login section on the login page.",,"Added in SCTO_v2.70.9.","Do you already have a user account on this server?"
web.forms.page.login.view.public.forms.text,"Voulez-vous remplir des formulaires sans vous connecter?","This is the hint text that appears on the login page above the button to view public forms without logging in.",,"Added in SCTO_v2.70.9.","Want to fill out forms without logging in?"
web.forms.page.login.view.public.forms.button,"Voir les formulaires publics","This is the button label on the login page to view public forms without logging in.",,"Added in SCTO_v2.70.9.","View public forms"
web.forms.page.login.private.form.title,"Ce formulaire est privé","This is the title of the message box that appears when you follow a direct link to a private web form without being logged in.",,"Added in SCTO_v2.70.9.","This form is private"
web.forms.page.login.private.form.body.line1,"Le formulaire que vous essayez de remplir ({0}) n'est accessible qu'avec un compte sur {1}.","This is the first part of the message that appears when you follow a direct link to a private web form without being logged in. {0} gets replaced with the form ID. {1} gets replaced with the server URL. Both must be included in your translation.",,"Added in SCTO_v2.70.9.","The form you're attempting to fill out ({0}) can only be accessed with an account on {1}."
web.forms.page.login.private.form.body.line2,"Si vous n'avez pas de compte utilisateur sur ce serveur, veuillez contacter la personne qui vous a donné ce lien et demandez-lui un nom d'utilisateur et un mot de passe. Ou, demandez-lui d'autoriser {0} pour ce formulaire.","This is the second part of the message that appears when you follow a direct link to a private web form without being logged in. {0} gets replaced with a link to a documentation article on allowing anonymous access, and must be included in your translation.",,"Added in SCTO_v2.70.9.","If you do not have a user account on this server, please contact the person who gave you this link and ask them for a username and password. Or, ask them to allow {0} for this form."
web.forms.page.login.private.form.allow.anonymous.link,"autoriser l'accès anonyme","This is the label for the link in the previous term (web.forms.page.login.private.form.body.line2).",,"Added in SCTO_v2.70.9.","allow anonymous access"
web.forms.page.login.download.app.text,"Vous cherchez l'application Collect?","This is the hint text that appears on the login page above the links to download the Collect app on the Apple App Store and Google Play Store.",,"Added in SCTO_v2.70.9.","Looking for the Collect app?"
web.forms.page.manage.cases.title,web.formulaires.page.gérer.dossiers.titre,"The page title on the manage cases page.",,"Added in SCTO_v2.70.12.",
web.forms.page.manage.cases.filter.description.text,web.formulaires.page.gérer.dossiers.filtre.description.texte,"This is the label used to filter the case list to only show cases that contain a specific bit of text.",,"Added in SCTO_v2.70.12.",
web.forms.page.manage.cases.filter.button,web.formulaires.page.gérer.dossiers.filtre.bouton,"This is the button used to filter the list of cases on the manage cases page.",,"Added in SCTO_v2.70.12.",
web.forms.page.manage.cases.no.cases,web.formulaires.page.gérer.dossiers.aucun.dossier,"This is the text that appears when there are no cases at all to show.",,"Added in SCTO_v2.70.12.",
web.forms.page.manage.cases.no.filter.results,web.formulaires.page.gérer.dossiers.aucun.filtre.résultat,"This is the text that appears when the user enters a search query that produces no results.",,"Added in SCTO_v2.70.12.",
